start,end,scene,required_observation,capture_status
00:00,00:08,Telegram and Ground side by side,La Arboleda baseline 62 percent and eight tile boxes,not_recorded
00:08,00:23,Luis audio then reply photo,Actual Spanish source and persisted acknowledgement,not_recorded
00:23,00:38,Ground X-Ray,81 percent zero tile boxes and Juan due next day 09:00,not_recorded
00:38,00:53,Ambiguous task and original photo,Real assignee due date exact time description and Drive content,not_recorded
00:53,01:08,Hallway need and Exa comparison,22.5 square metres plus ten percent leads to 20 boxes and real sources,not_recorded
01:08,01:24,Source page and exact RFQ,Verified reference and known or explicitly unknown price,not_recorded
01:24,01:40,CopilotKit review and approval,Exact material quantity recipient then one persisted send,not_recorded
01:40,01:53,Recipient conversation and report,Actual received message follow-up time same Ambiguous document,not_recorded
01:53,02:00,Ground final view,81 percent Juan scheduled and request sent,not_recorded
